Country,ISO code,Data source category,Reference date,household
Afghanistan,4,MICS,07/01/2010,7.75
Afghanistan,4,DHS,19/10/2015,8.04
Albania,8,MICS,07/01/2000,4.35
Albania,8,MICS,07/01/2005,4.00
Albania,8,DHS,21/01/2009,3.82
Albania,8,DYB,07/01/2011,3.86
Albania,8,DHS,12/01/2017,3.30
Algeria,12,MICS,07/01/2012,5.42
Algeria,12,MICS,07/01/2018,4.94
Angola,24,MICS,07/01/2001,4.75
Angola,24,DHS,29/01/2007,5.69
Angola,24,DHS,03/01/2011,4.98
Angola,24,DHS,01/01/2016,4.82
Argentina,32,IPUMS,07/01/1970,3.78
Argentina,32,IPUMS,07/01/1980,3.86
Argentina,32,IPUMS,07/01/2001,3.57
Argentina,32,DYB,07/01/2010,3.26
Argentina,32,IPUMS,07/01/2010,3.26
Argentina,32,MICS,07/01/2011,3.26
Argentina,32,MICS,07/01/2019,2.95
Armenia,51,DHS,11/02/2000,4.34
Armenia,51,DYB,07/01/2001,4.14
Armenia,51,IPUMS,07/01/2001,3.99
Armenia,51,DHS,17/10/2005,3.76
Armenia,51,DHS,15/11/2010,3.56
Armenia,51,DYB,07/01/2011,3.96
Armenia,51,IPUMS,07/01/2011,4.01
Armenia,51,DHS,02/05/2016,3.54
Aruba,533,DYB,07/01/2010,2.89
Australia,36,DYB,07/01/2006,2.5
Australia,36,DYB,07/01/2011,2.5
Australia,36,DYB,07/01/2016,2.55
Austria,40,IPUMS,07/01/1971,2.88
Austria,40,IPUMS,07/01/1981,2.71
Austria,40,IPUMS,07/01/1991,2.55
Austria,40,DYB,07/01/2001,2.38
Austria,40,IPUMS,07/01/2001,2.38
Austria,40,LFS,07/01/2001,2.42
Austria,40,DYB,07/01/2011,2.27
Austria,40,IPUMS,07/01/2011,2.27
Austria,40,LFS,07/01/2011,2.27
Azerbaijan,31,DYB,07/01/1999,
Azerbaijan,31,MICS,07/01/2000,4.61
Azerbaijan,31,DHS,14/09/2006,4.15
Azerbaijan,31,DYB,07/01/2009,4.55
Bahamas,44,DYB,07/01/2010,3.4
Bangladesh,50,IPUMS,07/01/1991,5.45
Bangladesh,50,DHS,13/01/1994,5.46
Bangladesh,50,DHS,01/05/1997,5.3
Bangladesh,50,DHS,30/01/2000,5.17
Bangladesh,50,IPUMS,07/01/2001,4.85
Bangladesh,50,DHS,14/03/2004,4.96
Bangladesh,50,MICS,07/01/2006,4.83
Bangladesh,50,DHS,06/02/2007,4.71
Bangladesh,50,DYB,07/01/2011,
Bangladesh,50,IPUMS,07/01/2011,4.44
Bangladesh,50,DHS,10/04/2011,4.6
Bangladesh,50,MICS,07/01/2012,4.57
Bangladesh,50,DHS,22/08/2014,4.47
Bangladesh,50,DHS,01/02/2018,4.28
Bangladesh,50,MICS,07/01/2019,4.26
Barbados,52,MICS,07/01/2012,2.85
Belarus,112,DYB,07/01/1999,2.57
Belarus,112,IPUMS,07/01/1999,2.63
Belarus,112,MICS,07/01/2005,2.67
Belarus,112,DYB,07/01/2009,2.43
Belarus,112,IPUMS,07/01/2009,2.48
Belarus,112,MICS,07/01/2012,2.46
Belarus,112,DYB,07/01/2019,2.16
Belarus,112,MICS,07/01/2019,2.34
Belgium,56,DYB,07/01/2001,2.36
Belgium,56,LFS,07/01/2001,2.4
Belgium,56,DYB,07/01/2011,2.32
Belgium,56,LFS,07/01/2011,2.36
Belize,84,MICS,07/01/2006,4.16
Belize,84,MICS,07/01/2011,3.91
Belize,84,MICS,07/01/2015,3.75
Benin,204,IPUMS,07/01/1979,5.4
Benin,204,IPUMS,07/01/1992,5.9
Benin,204,DHS,18/07/1996,6
Benin,204,DHS,25/09/2001,5.18
Benin,204,DYB,07/01/2002,
Benin,204,IPUMS,07/01/2002,5.58
Benin,204,DHS,29/09/2006,5.05
Benin,204,DHS,17/02/2012,4.96
Benin,204,DYB,07/01/2013,5.52
Benin,204,IPUMS,07/01/2013,5.54
Benin,204,MICS,07/01/2014,5.18
Benin,204,DHS,01/02/2018,5.19
Bermuda,60,DYB,07/01/2000,2.47
Bermuda,60,DYB,07/01/2010,2.39
Bermuda,60,DYB,07/01/2016,2.26
Bhutan,64,DYB,07/01/2005,
Bhutan,64,MICS,07/01/2010,4.59
Bolivia (Plurinational State of),68,IPUMS,07/01/1976,4.35
Bolivia (Plurinational State of),68,IPUMS,07/01/1992,4.35
Bolivia (Plurinational State of),68,DHS,03/01/1994,4.52
Bolivia (Plurinational State of),68,DHS,14/06/1998,4.36
Bolivia (Plurinational State of),68,MICS,07/01/2000,4.44
Bolivia (Plurinational State of),68,DYB,07/01/2001,4.09
Bolivia (Plurinational State of),68,IPUMS,07/01/2001,4.09
Bolivia (Plurinational State of),68,DHS,27/10/2003,4.23
Bolivia (Plurinational State of),68,DHS,17/04/2008,3.94
Bolivia (Plurinational State of),68,DYB,07/01/2012,3.53
Bosnia and Herzegovina,70,MICS,07/01/2000,3.37
Bosnia and Herzegovina,70,MICS,07/01/2006,3.14
Bosnia and Herzegovina,70,MICS,07/01/2011,3.5
Botswana,72,IPUMS,07/01/1981,5.61
Botswana,72,IPUMS,07/01/1991,4.73
Botswana,72,MICS,07/01/2000,4.31
Botswana,72,DYB,07/01/2001,4.15
Botswana,72,IPUMS,07/01/2001,4.11
Botswana,72,DYB,07/01/2011,
Botswana,72,IPUMS,07/01/2011,3.52
Brazil,76,IPUMS,07/01/1960,5.13
Brazil,76,IPUMS,07/01/1970,5.1
Brazil,76,IPUMS,07/01/1980,4.65
Brazil,76,IPUMS,07/01/1991,4.19
Brazil,76,DHS,11/08/1991,4.75
Brazil,76,DHS,05/02/1996,4.09
Brazil,76,DYB,07/01/2000,3.76
Brazil,76,IPUMS,07/01/2000,3.76
Brazil,76,IPUMS,07/01/2010,3.31
Brunei Darussalam,96,DYB,07/01/2011,
Bulgaria,100,DYB,07/01/2001,2.69
Bulgaria,100,LFS,07/01/2001,2.81
Bulgaria,100,DYB,07/01/2011,
Bulgaria,100,LFS,07/01/2011,2.34
Burkina Faso,854,IPUMS,07/01/1985,6.23
Burkina Faso,854,DHS,02/04/1993,6.66
Burkina Faso,854,IPUMS,07/01/1996,6.55
Burkina Faso,854,DHS,14/01/1999,6.73
Burkina Faso,854,DHS,09/09/2003,6.49
Burkina Faso,854,DYB,07/01/2006,5.94
Burkina Faso,854,IPUMS,07/01/2006,5.93
Burkina Faso,854,MICS,07/01/2006,6.71
Burkina Faso,854,DHS,09/09/2010,5.67
Burkina Faso,854,DHS,10/01/2014,5.92
Burundi,108,MICS,07/01/2000,5.25
Burundi,108,MICS,07/01/2005,4.96
Burundi,108,DYB,07/01/2008,4.26
Burundi,108,DHS,15/11/2010,4.78
Burundi,108,DHS,15/12/2012,4.73
Burundi,108,DHS,22/12/2016,4.83
Cambodia,116,IPUMS,07/01/1998,5.17
Cambodia,116,DHS,16/04/2000,5.37
Cambodia,116,IPUMS,07/01/2004,4.88
Cambodia,116,DHS,12/07/2005,4.96
Cambodia,116,DYB,07/01/2008,
Cambodia,116,IPUMS,07/01/2008,4.68
Cambodia,116,DHS,21/10/2010,4.75
Cambodia,116,IPUMS,07/01/2013,4.64
Cambodia,116,DHS,09/01/2014,4.61
Cameroon,120,IPUMS,07/01/1976,5.07
Cameroon,120,IPUMS,07/01/1987,5.14
Cameroon,120,DHS,07/10/1991,5.61
Cameroon,120,DHS,20/04/1998,5.5
Cameroon,120,MICS,07/01/2000,5.79
Cameroon,120,DHS,06/06/2004,4.79
Cameroon,120,IPUMS,07/01/2005,5.12
Cameroon,120,MICS,07/01/2006,4.51
Cameroon,120,DHS,05/02/2011,4.99
Cameroon,120,MICS,07/01/2014,4.56
Cameroon,120,DHS,15/09/2018,4.99
Canada,124,DYB,07/01/2001,2.55
Canada,124,DYB,07/01/2006,2.5
Canada,124,DYB,07/01/2011,2.47
Canada,124,IPUMS,07/01/2011,2.47
Canada,124,DYB,07/01/2016,2.45
Cayman Islands,136,DYB,07/01/2010,
Central African Republic,140,DHS,12/08/1994,4.91
Central African Republic,140,MICS,07/01/2000,6.64
Central African Republic,140,MICS,07/01/2006,4.64
Central African Republic,140,MICS,07/01/2010,4.78
Central African Republic,140,MICS,07/01/2018,5.59
Chad,148,DHS,29/03/1997,5.33
Chad,148,MICS,07/01/2000,5.37
Chad,148,DHS,10/01/2004,5.36
Chad,148,MICS,07/01/2010,5.4
Chad,148,DHS,16/01/2015,5.78
Chad,148,MICS,07/01/2019,5.97
Channel Islands,830,DYB,07/01/2018,
Chile,152,IPUMS,07/01/1970,5.04
Chile,152,IPUMS,07/01/1982,4.5
Chile,152,IPUMS,07/01/1992,3.98
Chile,152,DYB,07/01/2002,3.57
Chile,152,IPUMS,07/01/2002,3.58
Chile,152,IPUMS,07/01/2017,3.04
China,156,IPUMS,07/01/1982,4.41
China,156,IPUMS,07/01/1990,3.95
China,156,IPUMS,07/01/2000,3.38
China,156,DYB,07/01/2010,
Colombia,170,IPUMS,07/01/1973,5.68
Colombia,170,IPUMS,07/01/1985,5.06
Colombia,170,DHS,26/06/1990,4.64
Colombia,170,IPUMS,07/01/1993,4.49
Colombia,170,DHS,22/05/1995,4.44
Colombia,170,DHS,18/04/2000,4.2
Colombia,170,DHS,17/02/2005,4.11
Colombia,170,DYB,07/01/2005,3.9
Colombia,170,IPUMS,07/01/2005,3.83
Colombia,170,DHS,06/04/2010,3.77
Colombia,170,DHS,28/08/2015,3.53
Comoros,174,DHS,05/01/1996,6.31
Comoros,174,MICS,07/01/2000,7.42
Comoros,174,DHS,15/10/2012,5.37
Congo,178,DHS,15/09/2005,5.17
Congo,178,DHS,30/04/2009,4.2
Congo,178,DHS,26/11/2011,4.31
Congo,178,MICS,07/01/2014,4.22
Cook Islands,184,DYB,07/01/1996,
Cook Islands,184,DYB,07/01/2006,
Cook Islands,184,DYB,07/01/2011,
Costa Rica,188,IPUMS,07/01/1973,5.59
Costa Rica,188,IPUMS,07/01/1984,4.68
Costa Rica,188,IPUMS,07/01/2000,3.95
Costa Rica,188,DYB,07/01/2011,3.46
Costa Rica,188,IPUMS,07/01/2011,3.46
Costa Rica,188,MICS,07/01/2011,3.66
Costa Rica,188,MICS,07/01/2018,3.21
Côte d’Ivoire,384,DHS,09/03/1994,6.22
Côte d’Ivoire,384,DHS,17/12/1998,6.19
Côte d’Ivoire,384,DHS,14/09/2005,5.48
Côte d’Ivoire,384,DHS,03/02/2012,5.09
Côte d’Ivoire,384,MICS,07/01/2016,4.58
Croatia,191,DYB,07/01/2001,2.99
Croatia,191,DYB,07/01/2011,2.8
Cuba,192,IPUMS,07/01/2002,3.14
Cuba,192,MICS,07/01/2006,3.25
Cuba,192,MICS,07/01/2010,3.06
Cuba,192,MICS,07/01/2014,2.81
Cuba,192,MICS,07/01/2019,2.71
Cyprus,196,DYB,07/01/2001,3.06
Cyprus,196,LFS,07/01/2001,2.96
Cyprus,196,DYB,07/01/2011,2.76
Cyprus,196,LFS,07/01/2011,2.75
Czechia,203,DYB,07/01/2001,2.41
Czechia,203,LFS,07/01/2001,2.6
Czechia,203,DYB,07/01/2011,2.34
Czechia,203,LFS,07/01/2011,2.4
Dem. People's Rep. of Korea,408,DYB,07/01/2008,3.93
Dem. Republic of the Congo,180,MICS,07/01/2001,6.29
Dem. Republic of the Congo,180,DHS,05/09/2007,5.45
Dem. Republic of the Congo,180,MICS,07/01/2010,5.32
Dem. Republic of the Congo,180,DHS,11/10/2013,5.3
Dem. Republic of the Congo,180,MICS,07/01/2017,5.17
Djibouti,262,MICS,07/01/2006,5.89
Dominican Republic,214,IPUMS,07/01/1981,5
Dominican Republic,214,DHS,18/09/1991,
Dominican Republic,214,DHS,26/10/1996,4.3
Dominican Republic,214,DHS,18/10/1999,4.21
Dominican Republic,214,MICS,07/01/2000,3.99
Dominican Republic,214,DYB,07/01/2002,3.9
Dominican Republic,214,IPUMS,07/01/2002,3.96
Dominican Republic,214,DHS,26/09/2002,3.93
Dominican Republic,214,DHS,27/05/2007,3.71
Dominican Republic,214,DYB,07/01/2010,3.53
Dominican Republic,214,IPUMS,07/01/2010,3.58
Dominican Republic,214,DHS,09/02/2013,3.48
Dominican Republic,214,MICS,07/01/2014,3.36
Dominican Republic,214,MICS,07/01/2019,3.09
Ecuador,218,IPUMS,07/01/1974,5.37
Ecuador,218,IPUMS,07/01/1982,5.06
Ecuador,218,IPUMS,07/01/1990,4.68
Ecuador,218,DYB,07/01/2001,4.19
Ecuador,218,IPUMS,07/01/2001,4.19
Ecuador,218,DYB,07/01/2010,3.78
Ecuador,218,IPUMS,07/01/2010,3.78
Egypt,818,IPUMS,07/01/1986,4.85
Egypt,818,DHS,23/12/1992,5.65
Egypt,818,DHS,19/12/1995,5.33
Egypt,818,IPUMS,07/01/1996,4.64
Egypt,818,DHS,20/03/2000,5.25
Egypt,818,DHS,06/06/2003,5.05
Egypt,818,DHS,06/02/2005,4.88
Egypt,818,IPUMS,07/01/2006,4.19
Egypt,818,DHS,23/04/2008,4.61
Egypt,818,MICS,07/01/2013,4.61
Egypt,818,DHS,20/05/2014,4.13
El Salvador,222,IPUMS,07/01/1992,4.62
El Salvador,222,IPUMS,07/01/2007,4.07
El Salvador,222,MICS,07/01/2014,3.92
Equatorial Guinea,226,MICS,07/01/2000,5.3
Estonia,233,DYB,07/01/2000,2.35
Estonia,233,LFS,07/01/2001,2.63
Estonia,233,LFS,07/01/2011,2.3
Eswatini,748,DYB,07/01/1997,
Eswatini,748,MICS,07/01/2000,5.51
Eswatini,748,DHS,11/11/2006,4.64
Eswatini,748,DYB,07/01/2007,4.74
Eswatini,748,MICS,07/01/2010,4.26
Eswatini,748,MICS,07/01/2014,4.04
Ethiopia,231,IPUMS,07/01/1994,4.78
Ethiopia,231,DHS,04/01/2000,4.82
Ethiopia,231,DHS,28/06/2005,5.03
Ethiopia,231,DYB,07/01/2007,4.69
Ethiopia,231,IPUMS,07/01/2007,4.45
Ethiopia,231,DHS,16/03/2011,4.64
Ethiopia,231,DHS,04/07/2016,4.61
Ethiopia,231,DHS,04/07/2019,4.73
Fiji,242,IPUMS,07/01/1966,6.3
Fiji,242,IPUMS,07/01/1976,5.96
Fiji,242,IPUMS,07/01/1986,5.85
Fiji,242,IPUMS,07/01/1996,5.31
Fiji,242,IPUMS,07/01/2007,4.78
Fiji,242,IPUMS,07/01/2014,4.57
Finland,246,DYB,07/01/2010,2.07
France,250,IPUMS,07/01/1962,3.11
France,250,IPUMS,07/01/1968,3.06
France,250,IPUMS,07/01/1975,2.88
France,250,IPUMS,07/01/1982,2.71
France,250,IPUMS,07/01/1990,2.57
France,250,IPUMS,07/01/1999,2.4
France,250,LFS,07/01/2001,2.35
France,250,IPUMS,07/01/2006,2.31
France,250,IPUMS,07/01/2011,2.26
France,250,LFS,07/01/2011,2.25
France,250,DYB,07/01/2015,2.22
French Guiana,254,DYB,07/01/2015,3.45
French Polynesia,258,DYB,07/01/2007,
Gabon,266,DHS,19/10/2000,4.97
Gabon,266,DHS,03/08/2012,4.1
Gambia,270,MICS,07/01/2005,7.39
Gambia,270,MICS,07/01/2010,8.09
Gambia,270,DHS,13/03/2013,8.23
Gambia,270,MICS,07/01/2018,8
Gambia,270,DHS,25/01/2020,8.07
Georgia,268,DYB,07/01/2002,3.52
Georgia,268,MICS,07/01/2005,3.64
Georgia,268,DYB,07/01/2014,3.34
Georgia,268,MICS,07/01/2018,3.42
Germany,276,LFS,07/01/2005,2.12
Germany,276,DYB,07/01/2011,2.14
Germany,276,LFS,07/01/2011,2.05
Ghana,288,IPUMS,07/01/1984,5.01
Ghana,288,DHS,12/03/1993,3.77
Ghana,288,DHS,01/03/1999,3.61
Ghana,288,IPUMS,07/01/2000,5.08
Ghana,288,DHS,23/09/2003,4.03
Ghana,288,MICS,07/01/2006,4.2
Ghana,288,DHS,16/10/2008,3.75
Ghana,288,DYB,07/01/2010,4.4
Ghana,288,IPUMS,07/01/2010,4.41
Ghana,288,MICS,07/01/2011,3.87
Ghana,288,DHS,22/10/2014,3.49
Ghana,288,MICS,07/01/2017,4.7
Ghana,288,DHS,18/10/2019,3.83
Greece,300,IPUMS,07/01/1971,3.39
Greece,300,IPUMS,07/01/1981,3.14
Greece,300,IPUMS,07/01/1991,2.97
Greece,300,DYB,07/01/2001,2.8
Greece,300,IPUMS,07/01/2001,2.8
Greece,300,LFS,07/01/2001,2.64
Greece,300,IPUMS,07/01/2011,2.56
Greece,300,LFS,07/01/2011,2.44
Guadeloupe,312,DYB,07/01/2015,2.3
Guatemala,320,IPUMS,07/01/1964,5.23
Guatemala,320,IPUMS,07/01/1973,4.99
Guatemala,320,IPUMS,07/01/1981,5.2
Guatemala,320,IPUMS,07/01/1994,5.21
Guatemala,320,DHS,09/12/1995,5.26
Guatemala,320,DHS,02/07/1999,5.28
Guatemala,320,IPUMS,07/01/2002,5.08
Guatemala,320,DHS,26/02/2015,4.81
Guinea,324,IPUMS,07/01/1983,6.23
Guinea,324,IPUMS,07/01/1996,6.78
Guinea,324,DHS,06/06/1999,6.62
Guinea,324,DHS,15/04/2005,6.09
Guinea,324,DHS,08/06/2012,6.25
Guinea,324,IPUMS,07/01/2014,7.15
Guinea,324,MICS,07/01/2016,5.95
Guinea,324,DHS,08/11/2021,6.39
Guinea-Bissau,624,MICS,07/01/2000,8.01
Guinea-Bissau,624,MICS,07/01/2006,7.79
Guinea-Bissau,624,MICS,07/01/2014,7.26
Guinea-Bissau,624,MICS,07/01/2018,6.81
Guyana,328,MICS,07/01/2000,4.18
Guyana,328,DHS,31/07/2005,4.16
Guyana,328,MICS,07/01/2006,4.05
Guyana,328,DHS,20/05/2009,3.8
Guyana,328,MICS,07/01/2014,3.81
Guyana,328,MICS,07/01/2019,3.5
Haiti,332,IPUMS,07/01/1971,4.6
Haiti,332,DHS,10/01/1994,5.02
Haiti,332,DHS,30/04/2000,4.69
Haiti,332,IPUMS,07/01/2003,4.68
Haiti,332,DHS,02/03/2006,4.61
Haiti,332,DHS,04/06/2012,4.43
Haiti,332,DHS,26/01/2017,4.29
Honduras,340,IPUMS,07/01/1974,5.67
Honduras,340,IPUMS,07/01/1988,5.52
Honduras,340,IPUMS,07/01/2001,5
Honduras,340,DHS,02/07/2006,4.8
Honduras,340,DHS,21/02/2012,4.47
Honduras,340,MICS,07/01/2019,3.87
Hungary,348,IPUMS,07/01/1970,3.29
Hungary,348,IPUMS,07/01/1980,2.79
Hungary,348,IPUMS,07/01/1990,2.6
Hungary,348,DYB,07/01/2001,2.57
Hungary,348,IPUMS,07/01/2001,2.57
Hungary,348,LFS,07/01/2001,2.62
Hungary,348,DYB,07/01/2011,2.36
Hungary,348,IPUMS,07/01/2011,2.36
Hungary,348,LFS,07/01/2011,2.6
India,356,IPUMS,07/01/1983,5.09
India,356,IPUMS,07/01/1987,5
India,356,DHS,12/03/1992,5.7
India,356,IPUMS,07/01/1993,4.78
India,356,IPUMS,07/01/1999,4.87
India,356,DHS,21/09/1999,5.43
India,356,DYB,07/01/2001,5.29
India,356,IPUMS,07/01/2004,4.69
India,356,DHS,20/04/2006,4.84
India,356,IPUMS,07/01/2009,4.42
India,356,DHS,28/12/2015,4.57
India,356,DHS,23/05/2020,4.38
Indonesia,360,IPUMS,07/01/1971,4.84
Indonesia,360,IPUMS,07/01/1976,4.9
Indonesia,360,IPUMS,07/01/1980,4.82
Indonesia,360,IPUMS,07/01/1985,4.68
Indonesia,360,IPUMS,07/01/1990,4.48
Indonesia,360,DHS,28/06/1991,4.63
Indonesia,360,DHS,15/09/1994,4.47
Indonesia,360,IPUMS,07/01/1995,4.23
Indonesia,360,DHS,31/10/1997,4.31
Indonesia,360,IPUMS,07/01/2000,3.94
Indonesia,360,MICS,07/01/2000,4.1
Indonesia,360,DHS,15/01/2003,4.32
Indonesia,360,IPUMS,07/01/2005,3.95
Indonesia,360,DHS,18/09/2007,4.1
Indonesia,360,IPUMS,07/01/2010,3.85
Indonesia,360,DHS,30/06/2012,3.99
Indonesia,360,DHS,15/08/2017,3.86
Iran (Islamic Republic of),364,DYB,07/01/1996,4.76
Iran (Islamic Republic of),364,DYB,07/01/2006,
Iran (Islamic Republic of),364,IPUMS,07/01/2006,4.05
Iran (Islamic Republic of),364,DYB,07/01/2011,3.51
Iran (Islamic Republic of),364,IPUMS,07/01/2011,3.49
Iran (Islamic Republic of),364,DYB,07/01/2016,
Iraq,368,IPUMS,07/01/1997,7.7
Iraq,368,MICS,07/01/2000,7.22
Iraq,368,MICS,07/01/2006,6.31
Iraq,368,MICS,07/01/2011,6.46
Iraq,368,MICS,07/01/2018,6.35
Ireland,372,IPUMS,07/01/1971,3.93
Ireland,372,IPUMS,07/01/1979,3.75
Ireland,372,IPUMS,07/01/1981,3.66
Ireland,372,IPUMS,07/01/1986,3.55
Ireland,372,IPUMS,07/01/1991,3.35
Ireland,372,DYB,07/01/1996,3.14
Ireland,372,IPUMS,07/01/1996,3.15
Ireland,372,DYB,07/01/2002,2.94
Ireland,372,IPUMS,07/01/2002,3.09
Ireland,372,DYB,07/01/2006,2.81
Ireland,372,IPUMS,07/01/2006,2.92
Ireland,372,LFS,07/01/2006,2.84
Ireland,372,DYB,07/01/2011,2.73
Ireland,372,IPUMS,07/01/2011,2.81
Ireland,372,LFS,07/01/2011,2.77
Ireland,372,IPUMS,07/01/2016,2.83
Isle of Man,833,DYB,07/01/2016,2.28
Israel,376,IPUMS,07/01/1972,3.8
Israel,376,IPUMS,07/01/1983,3.46
Israel,376,DYB,07/01/1995,3.3
Israel,376,IPUMS,07/01/1995,3.35
Israel,376,DYB,07/01/2008,3.14
Italy,380,DYB,07/01/2001,2.59
Italy,380,IPUMS,07/01/2001,2.59
Italy,380,LFS,07/01/2001,2.6
Italy,380,DYB,07/01/2011,2.4
Italy,380,IPUMS,07/01/2011,2.4
Italy,380,LFS,07/01/2011,2.4
Jamaica,388,IPUMS,07/01/1982,4.23
Jamaica,388,IPUMS,07/01/1991,3.87
Jamaica,388,IPUMS,07/01/2001,3.45
Jamaica,388,MICS,07/01/2005,3.29
Jamaica,388,DYB,07/01/2011,3.06
Jamaica,388,MICS,07/01/2011,3.18
Japan,392,DYB,07/01/2000,2.67
Japan,392,DYB,07/01/2005,2.55
Japan,392,DYB,07/01/2010,2.42
Japan,392,DYB,07/01/2015,2.33
Jordan,400,DHS,29/07/1997,5.99
Jordan,400,DHS,16/08/2002,5.68
Jordan,400,IPUMS,07/01/2004,5.37
Jordan,400,DHS,17/08/2007,5.27
Jordan,400,DHS,16/11/2009,5.09
Jordan,400,DHS,29/10/2012,5.07
Jordan,400,DYB,07/01/2015,
Jordan,400,DHS,12/01/2017,4.72
Kazakhstan,398,DHS,07/08/1995,3.81
Kazakhstan,398,DHS,25/08/1999,3.61
Kazakhstan,398,MICS,07/01/2006,3.52
Kazakhstan,398,DYB,07/01/2009,3.5
Kazakhstan,398,MICS,07/01/2010,3.45
Kazakhstan,398,MICS,07/01/2015,3.44
Kenya,404,IPUMS,07/01/1969,5.34
Kenya,404,IPUMS,07/01/1989,4.9
Kenya,404,DHS,05/11/1993,4.8
Kenya,404,DHS,05/01/1998,4.29
Kenya,404,IPUMS,07/01/1999,4.43
Kenya,404,MICS,07/01/2000,5.07
Kenya,404,DHS,20/06/2003,4.36
Kenya,404,DHS,01/04/2009,4.21
Kenya,404,IPUMS,07/01/2009,4.29
Kenya,404,DHS,30/07/2014,3.92
Kenya,404,DHS,26/07/2015,3.64
Kenya,404,DYB,07/01/2019,
Kenya,404,DHS,12/01/2020,3.75
Kiribati,296,MICS,07/01/2018,5.9
Kosovo (under UNSC res. 1244),412,MICS,07/01/2013,5.43
Kosovo (under UNSC res. 1244),412,MICS,07/01/2019,4.9
Kuwait,,,28/09/2011,5.8
Kyrgyzstan,417,DHS,28/09/1997,4.65
Kyrgyzstan,417,IPUMS,07/01/1999,4.41
Kyrgyzstan,417,MICS,07/01/2005,4.82
Kyrgyzstan,417,DYB,07/01/2009,4.66
Kyrgyzstan,417,IPUMS,07/01/2009,4.6
Kyrgyzstan,417,DHS,15/10/2012,4.21
Kyrgyzstan,417,MICS,07/01/2014,4.3
Kyrgyzstan,417,MICS,07/01/2018,4.05
Lao People's Dem. Republic,418,MICS,07/01/2000,5.96
Lao People's Dem. Republic,418,IPUMS,07/01/2005,5.77
Lao People's Dem. Republic,418,MICS,07/01/2006,5.62
Lao People's Dem. Republic,418,MICS,07/01/2011,5.17
Lao People's Dem. Republic,418,DYB,07/01/2015,5.3
Lao People's Dem. Republic,418,MICS,07/01/2017,4.7
Latvia,428,DYB,07/01/2000,2.66
Latvia,428,LFS,07/01/2001,2.44
Latvia,428,DYB,07/01/2011,2.38
Latvia,428,LFS,07/01/2011,2.58
Latvia,428,DYB,07/01/2021,2.26
Lesotho,426,IPUMS,07/01/1996,4.96
Lesotho,426,MICS,07/01/2000,4.42
Lesotho,426,DHS,12/08/2004,3.9
Lesotho,426,DYB,07/01/2006,4.41
Lesotho,426,IPUMS,07/01/2006,4.27
Lesotho,426,DHS,28/11/2009,3.59
Lesotho,426,DHS,11/03/2014,3.34
Lesotho,426,MICS,07/01/2018,3.73
Liberia,430,DHS,26/02/2007,5.04
Liberia,430,IPUMS,07/01/2008,5.11
Liberia,430,DHS,29/01/2009,5.58
Liberia,430,DHS,30/10/2011,4.5
Liberia,430,DHS,13/05/2013,4.95
Liberia,430,DHS,02/01/2019,4.58
Liechtenstein,438,DYB,07/01/2010,2.32
Liechtenstein,438,DYB,07/01/2015,2.26
Lithuania,440,DYB,07/01/2001,2.55
Lithuania,440,LFS,07/01/2002,2.94
Lithuania,440,DYB,07/01/2011,2.38
Lithuania,440,LFS,07/01/2011,2.32
Luxembourg,442,DYB,07/01/2001,2.51
Luxembourg,442,LFS,07/01/2001,2.52
Luxembourg,442,DYB,07/01/2011,2.41
Luxembourg,442,LFS,07/01/2011,2.41
Madagascar,450,DHS,08/08/1992,5.18
Madagascar,450,DHS,19/10/1997,4.91
Madagascar,450,MICS,07/01/2000,5.1
Madagascar,450,DHS,25/01/2004,4.66
Madagascar,450,DHS,17/03/2009,4.73
Madagascar,450,DHS,30/04/2011,4.95
Madagascar,450,MICS,07/01/2018,4.5
Malawi,454,IPUMS,07/01/1987,4.26
Malawi,454,DHS,10/08/1992,4.47
Malawi,454,IPUMS,07/01/1998,4.34
Malawi,454,DHS,14/09/2000,4.4
Malawi,454,DHS,30/11/2004,4.39
Malawi,454,MICS,07/01/2006,4.29
Malawi,454,IPUMS,07/01/2008,4.52
Malawi,454,DHS,08/06/2010,4.64
Malawi,454,MICS,07/01/2013,4.52
Malawi,454,DHS,06/01/2014,4.12
Malawi,454,DHS,17/12/2015,4.51
Malawi,454,MICS,07/01/2019,4.28
Malaysia,458,IPUMS,07/01/1970,4.76
Malaysia,458,IPUMS,07/01/1980,5.12
Malaysia,458,IPUMS,07/01/1991,4.79
Malaysia,458,DYB,07/01/2000,4.57
Malaysia,458,IPUMS,07/01/2000,4.56
Maldives,462,DHS,24/05/2009,6.36
Maldives,462,DYB,07/01/2014,5.33
Maldives,462,DHS,21/01/2017,5.4
Mali,466,IPUMS,07/01/1987,5.65
Mali,466,DHS,02/04/1996,5.6
Mali,466,IPUMS,07/01/1998,6.06
Mali,466,DHS,30/03/2001,5.33
Mali,466,DHS,08/09/2006,5.69
Mali,466,DYB,07/01/2009,
Mali,466,IPUMS,07/01/2009,6.16
Mali,466,DHS,31/12/2012,5.67
Mali,466,DHS,27/09/2018,5.81
Malta,470,DYB,07/01/1995,3.12
Malta,470,DYB,07/01/2005,2.86
Malta,470,DYB,07/01/2011,2.67
Malta,470,LFS,07/01/2011,2.85
Martinique,474,DYB,07/01/2015,2.25
Mauritania,478,MICS,07/01/2007,5.75
Mauritania,478,MICS,07/01/2011,5.97
Mauritania,478,MICS,07/01/2015,5.77
Mauritius,480,DYB,07/01/2000,
Mauritius,480,DYB,07/01/2011,3.48
Mayotte,175,DYB,07/01/2012,4.1
Mayotte,175,DYB,07/01/2017,4.05
Mexico,484,IPUMS,07/01/1970,5.83
Mexico,484,IPUMS,07/01/1990,4.93
Mexico,484,IPUMS,07/01/1995,4.57
Mexico,484,DYB,07/01/2000,4.28
Mexico,484,IPUMS,07/01/2000,4.29
Mexico,484,DYB,07/01/2010,3.93
Mexico,484,IPUMS,07/01/2010,3.9
Mexico,484,IPUMS,07/01/2015,3.74
Mexico,484,MICS,07/01/2015,3.75
Monaco,492,DYB,07/01/2016,2.13
Mongolia,496,IPUMS,07/01/1989,4.46
Mongolia,496,IPUMS,07/01/2000,4.32
Mongolia,496,MICS,07/01/2000,4.99
Mongolia,496,MICS,07/01/2005,4.29
Mongolia,496,MICS,07/01/2013,3.45
Mongolia,496,MICS,07/01/2018,3.63
Montenegro,499,MICS,07/01/2005,3.81
Montenegro,499,DYB,07/01/2011,3.21
Montenegro,499,MICS,07/01/2013,3.41
Montenegro,499,MICS,07/01/2018,3.29
Morocco,504,IPUMS,07/01/1982,5.9
Morocco,504,DHS,15/03/1992,6.02
Morocco,504,IPUMS,07/01/1994,5.83
Morocco,504,DHS,24/12/2003,5.36
Morocco,504,IPUMS,07/01/2004,5.24
Morocco,504,IPUMS,07/01/2014,4.58
Mozambique,508,DHS,05/09/1997,4.62
Mozambique,508,IPUMS,07/01/1997,4.19
Mozambique,508,DHS,11/07/2003,4.86
Mozambique,508,IPUMS,07/01/2007,4.36
Mozambique,508,MICS,07/01/2008,4.6
Mozambique,508,DHS,31/07/2009,4.27
Mozambique,508,DHS,29/08/2011,4.37
Mozambique,508,DHS,31/05/2018,4.52
Myanmar,104,MICS,07/01/2000,5.07
Myanmar,104,IPUMS,07/01/2014,4.4
Myanmar,104,DHS,22/03/2016,4.22
Namibia,516,DHS,14/09/1992,6
Namibia,516,DHS,11/04/2000,5.06
Namibia,516,DHS,16/01/2007,4.5
Namibia,516,DHS,25/07/2013,4.24
Nepal,524,DHS,31/03/1996,5.51
Nepal,524,DHS,04/11/2001,5.29
Nepal,524,DYB,07/01/2001,
Nepal,524,IPUMS,07/01/2001,5.38
Nepal,524,DHS,13/05/2006,4.85
Nepal,524,DHS,04/09/2011,4.45
Nepal,524,DYB,07/01/2011,
Nepal,524,IPUMS,07/01/2011,4.84
Nepal,524,MICS,07/01/2014,4.58
Nepal,524,DHS,10/10/2016,4.24
Nepal,524,MICS,07/01/2019,4.25
Netherlands,528,LFS,07/01/2001,2.31
Netherlands,528,LFS,07/01/2011,2.23
New Caledonia,540,DYB,07/01/2004,
New Zealand,554,DYB,07/01/2001,2.7
New Zealand,554,DYB,07/01/2006,2.7
New Zealand,554,DYB,07/01/2013,2.67
New Zealand,554,DYB,07/01/2018,2.6
Nicaragua,558,IPUMS,07/01/1971,5.86
Nicaragua,558,IPUMS,07/01/1995,5.78
Nicaragua,558,DHS,03/01/1998,5.53
Nicaragua,558,DHS,29/10/2001,5.29
Nicaragua,558,IPUMS,07/01/2005,4.92
Niger,562,DHS,30/04/1992,6.27
Niger,562,DHS,16/04/1998,5.94
Niger,562,MICS,07/01/2000,5.98
Niger,562,DHS,03/09/2006,6.09
Niger,562,DHS,24/04/2012,5.92
Nigeria,566,DHS,15/08/1990,5.39
Nigeria,566,DHS,30/04/1999,5
Nigeria,566,DHS,26/05/2003,4.98
Nigeria,566,IPUMS,07/01/2006,4.41
Nigeria,566,IPUMS,07/01/2007,4.55
Nigeria,566,MICS,07/01/2007,4.67
Nigeria,566,IPUMS,07/01/2008,4.79
Nigeria,566,DHS,28/08/2008,4.43
Nigeria,566,IPUMS,07/01/2009,4.44
Nigeria,566,IPUMS,07/01/2010,4.39
Nigeria,566,DHS,14/11/2010,5.2
Nigeria,566,MICS,07/01/2011,5.03
Nigeria,566,DHS,24/04/2013,4.6
Nigeria,566,DHS,31/10/2015,4.9
Nigeria,566,MICS,07/01/2016,5.37
Nigeria,566,DHS,21/10/2018,4.66
Norway,578,DYB,07/01/2001,2.29
Norway,578,DYB,07/01/2011,2.22
Oman,512,DYB,07/01/2003,8.02
Pakistan,586,IPUMS,07/01/1973,4.81
Pakistan,586,DHS,28/03/1991,6.73
Pakistan,586,IPUMS,07/01/1998,6.82
Pakistan,586,DHS,12/03/2006,7.15
Pakistan,586,DHS,01/08/2013,6.8
Palau,585,DYB,07/01/2005,
Panama,591,IPUMS,07/01/1960,4.73
Panama,591,IPUMS,07/01/1970,4.85
Panama,591,IPUMS,07/01/1980,4.69
Panama,591,IPUMS,07/01/1990,4.39
Panama,591,IPUMS,07/01/2000,3.98
Panama,591,IPUMS,07/01/2010,3.67
Panama,591,MICS,07/01/2013,3.64
Papua New Guinea,598,IPUMS,07/01/1980,4.47
Papua New Guinea,598,IPUMS,07/01/1990,5.48
Papua New Guinea,598,IPUMS,07/01/2000,5.43
Paraguay,600,IPUMS,07/01/1962,5.33
Paraguay,600,IPUMS,07/01/1972,5.43
Paraguay,600,IPUMS,07/01/1982,5.14
Paraguay,600,DHS,30/06/1990,5.06
Paraguay,600,IPUMS,07/01/1992,4.76
Paraguay,600,IPUMS,07/01/2002,4.63
Paraguay,600,MICS,07/01/2016,3.87
Peru,604,DHS,22/12/1991,5.27
Peru,604,IPUMS,07/01/1993,4.58
Peru,604,DHS,10/06/1996,4.86
Peru,604,DHS,21/09/2000,4.53
Peru,604,DHS,17/05/2005,4.01
Peru,604,DYB,07/01/2007,4.01
Peru,604,IPUMS,07/01/2007,4.01
Peru,604,DHS,17/12/2007,4.01
Peru,604,DHS,07/08/2009,3.93
Peru,604,DHS,31/07/2010,3.77
Peru,604,DHS,15/07/2011,3.71
Peru,604,DHS,31/07/2012,3.75
Peru,604,DYB,07/01/2017,3.46
Philippines,608,IPUMS,07/01/1990,5.21
Philippines,608,DHS,29/05/1993,5.33
Philippines,608,IPUMS,07/01/1995,5.07
Philippines,608,DHS,13/04/1998,5.07
Philippines,608,MICS,07/01/1999,4.97
Philippines,608,IPUMS,07/01/2000,4.91
Philippines,608,DHS,08/01/2003,4.82
Philippines,608,DYB,07/01/2007,4.76
Philippines,608,DHS,31/08/2008,4.78
Philippines,608,IPUMS,07/01/2010,4.54
Philippines,608,DHS,13/09/2013,4.74
Philippines,608,DYB,07/01/2015,4.38
Philippines,608,DHS,17/09/2017,4.23
Poland,616,IPUMS,07/01/1978,3.18
Poland,616,IPUMS,07/01/1988,3.05
Poland,616,LFS,07/01/2001,3.06
Poland,616,DYB,07/01/2002,2.84
Poland,616,IPUMS,07/01/2002,2.84
Poland,616,DYB,07/01/2011,2.82
Poland,616,LFS,07/01/2011,2.81
Portugal,620,IPUMS,07/01/1981,3.35
Portugal,620,IPUMS,07/01/1991,3.11
Portugal,620,DYB,07/01/2001,2.84
Portugal,620,IPUMS,07/01/2001,2.8
Portugal,620,LFS,07/01/2001,2.9
Portugal,620,DYB,07/01/2011,2.58
Portugal,620,IPUMS,07/01/2011,2.61
Portugal,620,LFS,07/01/2011,2.66
Puerto Rico,630,IPUMS,07/01/1970,4.25
Puerto Rico,630,IPUMS,07/01/1980,3.66
Puerto Rico,630,IPUMS,07/01/1990,3.17
Puerto Rico,630,DYB,07/01/2000,2.98
Puerto Rico,630,IPUMS,07/01/2000,2.97
Puerto Rico,630,IPUMS,07/01/2005,2.76
Puerto Rico,630,IPUMS,07/01/2010,2.67
Qatar,634,MICS,07/01/2012,4.67
Republic of Korea,410,DYB,07/01/2005,2.88
Republic of Korea,410,DYB,07/01/2010,
Republic of Korea,410,DYB,07/01/2015,2.53
Republic of Korea,410,DYB,07/01/2020,2.34
Republic of Moldova,498,MICS,07/01/2000,3.09
Republic of Moldova,498,DYB,07/01/2004,2.99
Republic of Moldova,498,DHS,14/07/2005,2.82
Republic of Moldova,498,MICS,07/01/2012,2.54
Republic of Moldova,498,DYB,07/01/2014,2.89
Réunion,638,DYB,07/01/2015,2.64
Romania,642,IPUMS,07/01/1977,3.12
Romania,642,IPUMS,07/01/1992,3.07
Romania,642,LFS,07/01/2001,3.02
Romania,642,DYB,07/01/2002,2.92
Romania,642,IPUMS,07/01/2002,2.92
Romania,642,DYB,07/01/2011,2.67
Romania,642,IPUMS,07/01/2011,2.67
Romania,642,LFS,07/01/2011,2.88
Russian Federation,643,DYB,07/01/2002,2.71
Russian Federation,643,IPUMS,07/01/2002,2.71
Russian Federation,643,DYB,07/01/2010,2.58
Russian Federation,643,IPUMS,07/01/2010,2.58
Rwanda,646,IPUMS,07/01/1991,4.74
Rwanda,646,DHS,08/06/1992,4.98
Rwanda,646,MICS,07/01/2000,4.8
Rwanda,646,DHS,09/12/2000,4.56
Rwanda,646,DYB,07/01/2002,4.53
Rwanda,646,IPUMS,07/01/2002,4.53
Rwanda,646,DHS,20/05/2005,4.57
Rwanda,646,DHS,17/02/2008,4.34
Rwanda,646,DHS,30/12/2010,4.44
Rwanda,646,DYB,07/01/2012,4.28
Rwanda,646,IPUMS,07/01/2012,4.28
Rwanda,646,DHS,17/08/2012,4.3
Rwanda,646,DHS,19/01/2015,4.26
Rwanda,646,DHS,15/03/2020,4.28
Saint-Martin (French part),663,DYB,07/01/2015,2.56
Saint Barthélémy,652,DYB,07/01/2015,2.42
Saint Barthélémy,652,DYB,07/01/2015,2.42
Saint Helena,654,DYB,07/01/2008,
Saint Kitts and Nevis,659,DYB,07/01/2011,
Saint Lucia,662,MICS,07/01/2012,2.89
Saint Pierre and Miquelon,666,DYB,07/01/2015,2.26
Samoa,882,DYB,07/01/2016,6.75
Samoa,882,MICS,07/01/2019,6.6
Sao Tome and Principe,678,MICS,07/01/2000,4.34
Sao Tome and Principe,678,DYB,07/01/2001,
Sao Tome and Principe,678,DHS,13/11/2008,3.84
Sao Tome and Principe,678,DYB,07/01/2012,
Sao Tome and Principe,678,MICS,07/01/2014,3.85
Sao Tome and Principe,678,MICS,07/01/2019,4.06
Saudi Arabia,,,07/01/2010,5.6
Senegal,686,IPUMS,07/01/1988,8.83
Senegal,686,DHS,24/03/1993,8.83
Senegal,686,DHS,03/08/1997,8.98
Senegal,686,MICS,07/01/2000,9.42
Senegal,686,DYB,07/01/2002,
Senegal,686,IPUMS,07/01/2002,9.14
Senegal,686,DHS,31/03/2005,8.7
Senegal,686,DHS,30/11/2006,9.39
Senegal,686,DHS,30/12/2008,9.25
Senegal,686,DHS,19/01/2011,9.32
Senegal,686,DHS,02/01/2013,8.99
Senegal,686,DHS,10/07/2013,8.8
Senegal,686,DHS,06/06/2014,8.62
Senegal,686,DHS,20/06/2015,8.32
Senegal,686,DHS,13/07/2016,8.31
Senegal,686,DHS,16/08/2017,8.66
Serbia,688,DYB,07/01/2002,2.97
Serbia,688,MICS,07/01/2005,3.23
Serbia,688,MICS,07/01/2010,3.27
Serbia,688,DYB,07/01/2011,2.88
Serbia,688,MICS,07/01/2014,3.1
Serbia,688,MICS,07/01/2019,2.85
Seychelles,690,DYB,07/01/2002,3.78
Seychelles,690,DYB,07/01/2010,
Sierra Leone,694,MICS,07/01/2000,6.29
Sierra Leone,694,IPUMS,07/01/2004,5.99
Sierra Leone,694,MICS,07/01/2005,6.04
Sierra Leone,694,DHS,20/05/2008,5.88
Sierra Leone,694,MICS,07/01/2010,5.85
Sierra Leone,694,DHS,18/08/2013,5.9
Sierra Leone,694,IPUMS,07/01/2015,5.6
Sierra Leone,694,MICS,07/01/2017,4.87
Sierra Leone,694,DHS,07/10/2019,5.29
Singapore,702,DYB,07/01/2000,3.58
Singapore,702,DYB,07/01/2010,3.29
Singapore,702,DYB,07/01/2020,2.95
Sint Maarten (Dutch part),534,DYB,07/01/2011,2.58
Slovakia,703,DYB,07/01/2001,3.23
Slovakia,703,LFS,07/01/2001,3.14
Slovakia,703,DYB,07/01/2011,2.9
Slovakia,703,LFS,07/01/2011,2.8
Slovenia,705,LFS,07/01/2001,2.63
Slovenia,705,DYB,07/01/2002,2.85
Slovenia,705,IPUMS,07/01/2002,2.82
Slovenia,705,LFS,07/01/2011,2.47
Slovenia,705,DYB,07/01/2015,2.47
Somalia,706,MICS,07/01/2006,5.69
Somalia,706,MICS,07/01/2011,6.16
South Africa,710,DYB,07/01/1996,
South Africa,710,IPUMS,07/01/1996,4.06
South Africa,710,DHS,14/05/1998,4.25
South Africa,710,DYB,07/01/2001,
South Africa,710,IPUMS,07/01/2001,3.84
South Africa,710,IPUMS,07/01/2007,3.78
South Africa,710,DYB,07/01/2011,3.38
South Africa,710,IPUMS,07/01/2011,3.24
South Africa,710,IPUMS,07/01/2016,3.2
South Africa,710,DHS,29/08/2016,3.36
South Sudan,728,MICS,07/01/2000,5.56
South Sudan,728,IPUMS,07/01/2008,5.95
South Sudan,728,MICS,07/01/2010,5.98
Spain,724,IPUMS,07/01/1991,3.26
Spain,724,DYB,07/01/2001,2.86
Spain,724,IPUMS,07/01/2001,2.86
Spain,724,LFS,07/01/2001,2.99
Spain,724,DYB,07/01/2011,2.58
Spain,724,IPUMS,07/01/2011,2.58
Spain,724,LFS,07/01/2011,2.69
State of Palestine,275,DYB,07/01/1997,6.38
State of Palestine,275,IPUMS,07/01/1997,6.36
State of Palestine,275,DYB,07/01/2007,5.89
State of Palestine,275,IPUMS,07/01/2007,5.48
State of Palestine,275,MICS,07/01/2010,5.93
State of Palestine,275,MICS,07/01/2014,5.54
State of Palestine,275,DYB,07/01/2017,5.06
State of Palestine,275,IPUMS,07/01/2017,5.07
State of Palestine,275,MICS,07/01/2019,5.06
Sudan,729,MICS,07/01/2000,5.95
Sudan,729,IPUMS,07/01/2008,5.59
Sudan,729,MICS,07/01/2010,5.72
Sudan,729,MICS,07/01/2014,5.89
Suriname,740,MICS,07/01/1999,3.97
Suriname,740,DYB,07/01/2004,3.94
Suriname,740,MICS,07/01/2006,3.9
Suriname,740,MICS,07/01/2010,3.84
Suriname,740,IPUMS,07/01/2012,3.82
Suriname,740,MICS,07/01/2018,3.86
Switzerland,756,IPUMS,07/01/1970,2.92
Switzerland,756,IPUMS,07/01/1980,2.51
Switzerland,756,IPUMS,07/01/1990,2.32
Switzerland,756,DYB,07/01/2000,2.24
Switzerland,756,IPUMS,07/01/2000,2.21
Syrian Arab Republic,760,MICS,07/01/2006,5.65
Tajikistan,762,MICS,07/01/2000,6.97
Tajikistan,762,MICS,07/01/2005,6.24
Tajikistan,762,DHS,16/08/2012,6.27
Tajikistan,762,DHS,24/09/2017,5.99
TFYR Macedonia,807,MICS,07/01/2005,4.99
TFYR Macedonia,807,MICS,07/01/2011,3.67
TFYR Macedonia,807,MICS,07/01/2018,3.45
Thailand,764,IPUMS,07/01/1970,5.71
Thailand,764,IPUMS,07/01/1980,5.13
Thailand,764,IPUMS,07/01/1990,4.29
Thailand,764,IPUMS,07/01/2000,3.69
Thailand,764,MICS,07/01/2005,3.45
Thailand,764,DYB,07/01/2010,
Thailand,764,MICS,07/01/2012,3.28
Thailand,764,MICS,07/01/2015,3.21
Thailand,764,MICS,07/01/2019,2.84
Timor-Leste,626,DYB,07/01/2004,4.71
Timor-Leste,626,DHS,11/06/2009,5.84
Timor-Leste,626,DHS,11/03/2016,5.27
Togo,768,IPUMS,07/01/1960,6.3
Togo,768,IPUMS,07/01/1970,5.8
Togo,768,DHS,29/03/1998,5.39
Togo,768,MICS,07/01/2000,5.03
Togo,768,MICS,07/01/2006,4.7
Togo,768,IPUMS,07/01/2010,4.75
Togo,768,MICS,07/01/2010,4.79
Togo,768,DHS,28/01/2014,4.55
Togo,768,MICS,07/01/2017,4.35
Tokelau,772,DYB,07/01/2011,5.24
Tonga,776,MICS,07/01/2019,5.3
Trinidad and Tobago,780,IPUMS,07/01/1970,4.75
Trinidad and Tobago,780,IPUMS,07/01/1980,4.43
Trinidad and Tobago,780,IPUMS,07/01/1990,4.11
Trinidad and Tobago,780,IPUMS,07/01/2000,3.67
Trinidad and Tobago,780,MICS,07/01/2000,3.76
Trinidad and Tobago,780,MICS,07/01/2006,3.36
Trinidad and Tobago,780,DYB,07/01/2011,
Trinidad and Tobago,780,IPUMS,07/01/2011,3.29
Trinidad and Tobago,780,MICS,07/01/2011,3.21
Tunisia,788,MICS,07/01/2011,4.16
Tunisia,788,MICS,07/01/2018,3.89
Türkiye,792,IPUMS,07/01/1985,4.58
Türkiye,792,IPUMS,07/01/1990,4.56
Türkiye,792,DHS,20/09/1993,4.57
Türkiye,792,DHS,22/09/1998,4.35
Türkiye,792,DYB,07/01/2000,
Türkiye,792,IPUMS,07/01/2000,4.33
Türkiye,792,DHS,21/02/2004,4.07
Turkmenistan,795,MICS,07/01/2006,5.03
Turkmenistan,795,MICS,07/01/2015,5.1
Turkmenistan,795,MICS,07/01/2019,5.22
Turks and Caicos Islands,796,MICS,07/01/2019,2.37
Tuvalu,798,MICS,07/01/2019,6.05
Uganda,800,IPUMS,07/01/1991,4.87
Uganda,800,DHS,29/05/1995,4.76
Uganda,800,DHS,20/12/2000,4.8
Uganda,800,DYB,07/01/2002,
Uganda,800,IPUMS,07/01/2002,4.82
Uganda,800,DHS,21/07/2006,4.97
Uganda,800,DHS,15/12/2009,4.75
Uganda,800,DHS,13/09/2011,4.9
Uganda,800,IPUMS,07/01/2014,4.74
Uganda,800,DHS,31/12/2014,4.93
Uganda,800,DHS,17/09/2016,4.53
Uganda,800,DHS,15/01/2019,4.87
Ukraine,804,IPUMS,07/01/2001,2.67
Ukraine,804,MICS,07/01/2005,3.09
Ukraine,804,DHS,14/09/2007,2.46
Ukraine,804,MICS,07/01/2012,2.53
United Kingdom,826,IPUMS,07/01/1991,2.48
United Kingdom,826,LFS,07/01/2001,2.34
United Kingdom,826,DYB,07/01/2011,2.35
United Kingdom,826,LFS,07/01/2011,2.27
United Republic of Tanzania,834,IPUMS,07/01/1988,5.05
United Republic of Tanzania,834,DHS,01/04/1992,5.31
United Republic of Tanzania,834,DHS,09/07/1996,4.9
United Republic of Tanzania,834,DHS,13/10/1999,5.02
United Republic of Tanzania,834,IPUMS,07/01/2002,4.64
United Republic of Tanzania,834,DHS,29/01/2004,4.99
United Republic of Tanzania,834,DHS,12/11/2004,4.87
United Republic of Tanzania,834,DHS,15/12/2007,4.99
United Republic of Tanzania,834,DHS,03/06/2010,4.97
United Republic of Tanzania,834,DHS,29/02/2012,5.12
United Republic of Tanzania,834,IPUMS,07/01/2012,4.74
United Republic of Tanzania,834,DHS,17/11/2015,4.85
United States of America,840,IPUMS,07/01/1960,3.3
United States of America,840,IPUMS,07/01/1970,3.11
United States of America,840,IPUMS,07/01/1980,2.75
United States of America,840,IPUMS,07/01/1990,2.63
United States of America,840,IPUMS,07/01/2000,2.59
United States of America,840,IPUMS,07/01/2005,2.52
United States of America,840,DYB,07/01/2009,
United States of America,840,DYB,07/01/2010,2.58
United States of America,840,IPUMS,07/01/2010,2.52
United States of America,840,IPUMS,07/01/2015,2.49
Uruguay,858,IPUMS,07/01/1963,3.71
Uruguay,858,IPUMS,07/01/1975,3.42
Uruguay,858,IPUMS,07/01/1985,3.34
Uruguay,858,IPUMS,07/01/1996,3.2
Uruguay,858,IPUMS,07/01/2006,2.97
Uruguay,858,DYB,07/01/2011,2.8
Uruguay,858,IPUMS,07/01/2011,2.78
Uruguay,858,MICS,07/01/2012,3.02
Uzbekistan,860,DHS,19/08/1996,5.24
Uzbekistan,860,MICS,07/01/2000,5.55
Uzbekistan,860,MICS,07/01/2006,5.22
Vanuatu,548,MICS,07/01/2007,5.08
Venezuela (Bolivarian Republic of),862,IPUMS,07/01/1971,5.27
Venezuela (Bolivarian Republic of),862,IPUMS,07/01/1981,5.26
Venezuela (Bolivarian Republic of),862,IPUMS,07/01/1990,4.8
Venezuela (Bolivarian Republic of),862,MICS,07/01/2000,4.45
Venezuela (Bolivarian Republic of),862,IPUMS,07/01/2001,4.33
Viet Nam,704,IPUMS,07/01/1989,4.82
Viet Nam,704,DHS,18/08/1997,4.72
Viet Nam,704,IPUMS,07/01/1999,4.51
Viet Nam,704,MICS,07/01/2000,4.54
Viet Nam,704,DHS,11/06/2002,4.4
Viet Nam,704,DHS,30/10/2005,4.22
Viet Nam,704,MICS,07/01/2006,4.25
Viet Nam,704,DYB,07/01/2009,
Viet Nam,704,IPUMS,07/01/2009,3.78
Viet Nam,704,MICS,07/01/2010,3.79
Viet Nam,704,MICS,07/01/2013,3.86
Viet Nam,704,MICS,07/01/2020,3.44
Yemen,887,DHS,16/12/1991,6.69
Yemen,887,MICS,07/01/2006,7.27
Yemen,887,DHS,25/10/2013,6.67
Zambia,894,IPUMS,07/01/1990,5.85
Zambia,894,DHS,20/03/1992,5.61
Zambia,894,DHS,10/12/1996,5.38
Zambia,894,MICS,07/01/1999,5.38
Zambia,894,IPUMS,07/01/2000,5.24
Zambia,894,DHS,20/02/2002,5.24
Zambia,894,DHS,07/06/2007,4.88
Zambia,894,DYB,07/01/2010,
Zambia,894,IPUMS,07/01/2010,5.21
Zambia,894,DHS,12/10/2013,5.13
Zambia,894,DHS,08/01/2018,5
Zimbabwe,716,DHS,22/09/1994,4.69
Zimbabwe,716,DHS,15/10/1999,4.19
Zimbabwe,716,DHS,12/06/2005,4.46
Zimbabwe,716,MICS,07/01/2009,4.55
Zimbabwe,716,DHS,21/12/2010,4.15
Zimbabwe,716,IPUMS,07/01/2012,4.04
Zimbabwe,716,MICS,07/01/2014,4.16
Zimbabwe,716,DHS,27/09/2015,4.08
Zimbabwe,716,MICS,07/01/2019,4.02
